route_type, route_name,route_id
0,Alamein,1
0,Belgrave,2
0,Craigieburn,3
0,Cranbourne,4
0,Mernda,5
0,Frankston,6
0,Glen Waverley,7
0,Hurstbridge,8
0,Lilydale,9
0,Pakenham,11
0,Sandringham,12
0,Stony Point,13
0,Sunbury,14
0,Upfield,15
0,Werribee,16
0,Williamstown,17
0,Showgrounds - Flemington Racecourse,1482
1,East Coburg - South Melbourne Beach,721
1,Box Hill - Port Melbourne,722
1,Melbourne University - Kew via St Kilda Beach,724
1,North Coburg - Flinders Street Station & City,725
1,Melbourne University - East Malvern,761
1,West Maribyrnong - Flinders Street Station & City,887
1,Airport West - Flinders Street Station & City,897
1,Melbourne University - East Brighton,909
1,Melbourne University - Carnegie,913
1,Waterfront City Docklands -  Wattle Park,940
1,Melbourne University - Camberwell,947
1,Etihad Stadium Docklands - Vermont South,958
1,North Richmond - Balaclava via Prahran,976
1,Moonee Ponds - Footscray,1002
1,East Brunswick - St Kilda Beach,1041
1,Melbourne University - Malvern,1083
1,City Circle (Free Tourist Tram),1112
1,St Vincents Plaza - Docklands via La Trobe St,1880
1,Bundoora RMIT - Waterfront City Docklands,1881
1,North Balwyn - Victoria Harbour Docklands,2903
1,West Preston - Victoria Harbour Docklands,3343
1,Victoria Gardens - St Kilda,8314
1,West Coburg - Toorak,11529
1,Moreland - Glen Iris,11544
2,Highpoint SC - Avondale Heights via Maribyrnong,786
2,Sunshine Station - Footscray via Ballarat Road,789
2,Essendon Station - Keilor Park via East Keilor,821
2,Aberfeldie - Moonee Ponds via Holmes Road,822
2,Essendon - Highpoint SC via Maribyrnong,823
2,Williamstown - Sunshine Station via Newport & Altona Gate SC,825
2,Sunbury - Moonee Ponds via Diggers Rest,834
2,Moonee Ponds - Niddrie via Strathmore,841
2,Moonee Ponds - Westgarth Station via Brunswick,844
2,Alphington - Moonee Ponds via Northcote & Brunswick,845
2,Essendon - Ivanhoe via Brunswick & Northcote & Thornbury,847
2,Strathmore - East Coburg via Pascoe Vale South & Coburg West & Coburg,848
2,Northland - St Helena via Viewbank & Greensborough,850
2,Greensborough - St Helena West via St Helena,851
2,Coburg - Reservoir via Elizabeth Street,854
2,Gowrie  - Northland via Murray Road,855
2,Gowrie - Glenroy via Gowrie Park,860
2,Somerset Estate - Broadmeadows via Camp Road,861
2,Upfield - Broadmeadows via Coolaroo,862
2,Ivanhoe - Northland via Oriel Road,867
2,Northland - La Trobe University via Waterdale Road,869
2,Heidelberg - La Trobe University Interchange,870
2,Lalor - Northland via Plenty Road & Childs Road & Grimshaw Street,884
2,Lilydale - Healesville via Lilydale Station & Coldstream & Yarra Glen,927
2,Healesville - Badger Creek,928
2,Chum Creek - Healesville,929
2,Croydon - Montrose via Hawthory Road & Durham Road,931
2,Croydon - Boronia via Kilsyth & Canterbury Gardens & Kilsyth South,932
2,Olinda - Belgrave via Sherbrooke Road,935
2,Belgrave -  Belgrave South via Belgrave Heights,937
2,Belgrave - Upwey,939
2,Mordialloc - Springvale via Braeside & Clayton South,945
2,Carrum - Hampton via Southland,946
2,Box Hill - Upper Ferntree Gully via Vermont South & Knox City & Mountain Gate,948
2,Glen Iris - Glen Waverley,950
2,Mitcham - Blackburn via Vermont South & Glen Waverley & Forest Hill,952
2,Croydon - Monash University via Boronia & Knox City Shopping Centre & Glen Waverley,953
2,Mitcham - Knox City via Knox Private Hospital & Wantirna Secondary College,954
2,Mitcham - Vermont East via Reserve Avenue & Churinga Avenue,955
2,Knox City - Bayswater -  Wantirna Primary School,957
2,Glen Waverley - Bayswater via Wheelers Hill & Knoxfield & Boronia,959
2,Rowville - Glen Waverley via Caulfield Grammar & Wheelers Hill,960
2,Bayswater - Knox City via Basin & Boronia & Ferntree Gully,961
2,Knox City - Scoresby via Old Orchards Drive,962
2,Knox City - Knoxfield via Wallace Road,963
2,Mitcham - Box Hill via Brentford Square & Forest Hill & Blackburn,964
2,Frankston - Eliza Heights,970
2,Frankston - Frankston South via Kars Street,971
2,Frankston - Delacombe Park,972
2,Frankston - Lakewood via Heatherhill Road,973
2,Frankston - Pearcedale via Baxter,974
2,Frankston - Belvedere via Kananook,975
2,Frankston - Carrum via Seaford,977
2,Frankston - Flinders via Coolart Road & Hastings,979
2,Frankston - Hastings via Coolart Road,980
2,Frankston - Portsea via Dromana & Rosebud & Sorrento,982
2,Dandenong - Waverley Gardens SC,999
2,Springvale South - Dandenong via Waverley Gardens Shopping Centre & Springvale,1000
2,Moorabbin - Southland via Black Rock & Mentone,1007
2,Frankston - Carrum Downs via Kananook & McCormicks Road,1013
2,Emerald - Fountain Gate SC via Beaconsfield & Berwick,1015
2,Fountain Gate SC - Endeavour Hills SC via Narre Warren North,1019
2,Dandenong - Brandon Park Shopping Centre via Waverley Gardens Shopping Centre,1023
2,Chelsea - Dandenong via Patterson Lakes,1026
2,Glen Waverley - Springvale via Wanda Street,1030
2,Melbourne Airport - Melbourne City,1123
2,Frankston - Mornington East via Mt Eliza & Mornington,1143
2,Karingal Hub Shopping Centre - McClelland Drive,1150
2,Knox City - Bayswater,1173
2,Bayswater - Boronia Station,1174
2,Bayswater - Wantirna Primary School,1175
2,Bayswater - Wantirna Primary School via Mountain Highway,1176
2,Wodonga - Albury,1294
2,Wodonga - Murray Valley Private Hospital,1295
2,Wodonga - Gayview Drive,1296
2,Wodonga - Wodonga TAFE,1297
2,Wodonga - West Wodonga,1300
2,Wodonga - Cambourne Park,1301
2,Wodonga Shopper,1302
2,Wodonga - Baranduda,1303
2,Wodonga (South) - Albury,1304
2,Wodonga (North) - Albury,1305
2,Albury - West Albury,1306
2,Albury - East Albury,1307
2,Albury - South Albury,1308
2,Albury - Beechworth via Baranduda,1309
2,Albury - Corowa via Howlong,1310
2,Mildura - Merbein via Seventeenth Street,1311
2,Mildura - Irymple - Red Cliffs,1312
2,Mildura - West Mildura - Mildura Central Shopping Centre,1314
2,Swan Hill - Swan Hill North,1318
2,Swan Hill - Swan Hill South,1319
2,Swan Hill South - Schools,1320
2,Swan Hill - Tooleybuc via Nyah West,1322
2,Mooroopna - Rodney Park,1341
2,Mooroopna Park,1342
2,Echuca - Echuca South,1344
2,Echuca - Echuca East,1345
2,Echuca - Moama,1346
2,Shepparton - Mooroopna,1350
2,Portland - North,1355
2,Portland to Hamilton via Heywood,1357
2,Colac - Alvie via Warrion,1365
2,Stawell - Patrick St,1373
2,Stawell - Ligar St,1374
2,Stawell - Stawell West,1375
2,Ballarat - Maryborough via Clunes,1379
2,Wangaratta -Yarrawonga,1396
2,Wangaratta - Glenrowan,1399
2,Wangaratta - Springhurst,1400
2,Bairnsdale - West Bairnsdale,1439
2,Bairnsdale - Omeo,1440
2,Bairnsdale - Paynesville,1441
2,Bairnsdale - East Bairnsdale,1443
2,Bairnsdale - Wy Yung,1444
2,Wonthaggi - Wonthaggi North - Wonthaggi,1446
2,Wonthaggi - South Wonthaggi - Wonthaggi,1447
2,Wonthaggi Town Service (Cape Paterson),1448
2,Coronet Bay - Wonthaggi via Corinella,1449
2,Cowes - Anderson - Wonthaggi,1450
2,Korumburra Town Service - Carinya Lodge,1452
2,Wonthaggi - Leongatha via Inverloch,1461
2,Cowes - Fountain Gate via Anderson,1464
2,Sale - Loch Sport via Longford,1469
2,Sale - Stratford,1470
2,Wangaratta - Chiltern via Rutherglen,1474
2,Wangaratta - Springhurst - Corowa,1475
2,Ballarat - Bendigo via Maryborough and Castlemaine,1493
2,Yarram - Traralgon via Gormandale,1494
2,Bairnsdale - Gelantipy,1495
2,Albury - Wodonga - Myrtleford,1506
2,Ballan - Hepburn via Daylesford,1510
2,Ballan - Mount Egerton via Gordon,1511
2,Warrnambool - Mortlake,1515
2,Hamilton West via Coleraine Road,1524
2,Horsham - Donald via Murtoa and Minyip,1532
2,Swan Hill - Sea Lake via Ultima,1533
2,Horsham - Birchip via Warracknabeal,1538
2,Horsham - Hopetoun via Dimboola,1539
2,Mildura - Horsham via Hopetoun,1545
2,Ballarat - Maryborough via Avoca,1551
2,Mildura - Merbein via Eleventh Street,1571
2,Mildura - Euston - Robinvale,1574
2,Ballarat - Stawell via Ararat,1575
2,Kilmore Town Service,1577
2,Horsham - Roberts Avenue,1579
2,Kyneton - Taradale - Castlemaine - Bendigo,1586
2,Castlemaine - Taradale via Chewton,1587
2,Wangaratta - Cheshunt via Edi,1595
2,Wonthaggi - Dudley - Wonthaggi,1596
2,Castlemaine - Harcourt,1608
2,Castlemaine Town Loop,1609
2,Kyneton - Woodend,1610
2,Castlemaine - Campbells Creek,1611
2,Daylesford - Hepburn Springs,1624
2,Belgrave - Gembrook,1632
2,Ararat West via Brewster Road & Lowe Road,1658
2,Ararat South via Burke Road & Churchill Avenue,1659
2,Ararat North via Baird Street & NMIT & Alfred Street,1660
2,Yarraville - Kingsville via Somerville Road,1664
2,Newport - Yarraville via Altona Gate Shopping Centre,1665
2,Williamstown - Moonee Ponds via Footscray,1666
2,Airport West to Gowanbrae via Melrose Dr & Gowanbrae Dr,1667
2,Glenroy to Coburg via Boundary Road & Sydney Road,1673
2,Sale-South via MacArthur Street & Aquatic Centre & Sale Hospital,1878
2,Sale-North via Guthridge Parade & MacArthur Street,1879
2,Sale - Wurruk via Princes Highway,1909
2,Sale - Sale Station via Reeve Street,1910
2,Horsham - Albert Street North,1916
2,Horsham - Sunnyside,1917
2,Horsham - Wawunna Road,1918
2,Horsham - Haven,1921
2,Ballarat - Station to Sovereign Hill (Goldrush service),1925
2,Eildon - Melbourne via Lilydale Station,1935
2,Ballarat - Rokewood via Ross Creek,1947
2,Omeo - Bright via Hotham Heights,1991
2,Ararat - Lake Bolac via Willaura,1995
2,Alexandra - Seymour via Yea,2055
2,Albury - Corryong via Walwa,2079
2,Apollo Bay - Geelong (VLINE),2089
2,Colac - Lorne,2097
2,Colac to  Colac West,2126
2,Maryborough -Princes Park-Whirrakee,2285
2,Maryborough - Pascoe,2293
2,Maryborough - Maryborough Education Centre,2294
2,Maryborough - Hedges,2295
2,Horsham - Kaniva via Dimboola,2339
2,Warneet - Cranbourne,2342
2,Albury - Corowa via Rutherglen,2349
2,Rosebud - Chisholm TAFE Rosebud Campus,2505
2,Bendigo - Boort via Wedderburn,2768
2,Kananook - Carrum Downs via Lathams Rd,2808
2,Frankston - Langwarrin via Karingal,2813
2,Seymour - Seymour North,2895
2,Seymour - Puckapunyal,2896
2,Seymour - Wimble Street AM peak,2897
2,Hawthorn to Fairfield via Kew,2913
2,Gembrook - Fountain Gate,2916
2,Shepparton - Parkside Gardens via GV Health,2919
2,Shepparton - Golf Drive-TAFE,2922
2,Shepparton - Connolly Park,2925
2,Shepparton - Archer,2928
2,Shepparton - South East,2931
2,Shepparton - Market Place,2934
2,Shepparton - Kialla,2937
2,Shepparton - Aquamoves,2943
2,Shepparton - Parkside Gardens via The Boulevard,2982
2,Coronet Bay - Grantville via Corinella,3287
2,St Arnaud - Stawell via Ararat,3321
2,Ararat Station - Hopkins Correctional Centre,3322
2,Hepburn - Creswick via Daylesford,3324
2,Wonthaggi - Traralgon via Leongatha,3346
2,Koo Wee Rup - Pakenham,3354
2,Frankston - Karingal via Ashleigh Avenue,3365
2,Wangaratta - West End,3374
2,Wangaratta - Yarrunga via Murdoch Road,3377
2,Wangaratta -Yarrawonga Road,3380
2,Warrnambool - Port Campbell - Timboon via Allansford & Nullawarre & Peterborough,3394
2,Mildura City - East Mildura - Mildura Central SC,3398
2,Mildura Central SC - West  Mildura - Mildura,3401
2,Mildura Central SC - East Mildura - Mildura,3408
2,Southland SC - St Kilda Station via Sandringham,3411
2,Frankston - Coolart Rd - Hastings-Flinders,3420
2,Eltham - Warrandyte via Research & Kangaroo Ground & Warrandyte Road,3423
2,Frankston - Mt Eliza - Mornington East-Mt Martha,3438
2,City - La Trobe University-Northland SC,3448
2,Dandenong - Chadstone via Mulgrave & Oakleigh,3453
2,Box Hill to Nunawading,3483
2,Edithvale - Aspendale Gardens via Chelsea,4543
2,Rye to St Andrews Beach,4663
2,Gembrook - Pakenham via Pakenham Upper,4664
2,Alexandra - Eildon via Thornton,4711
2,Kyneton - Kyneton Railway Station,4733
2,Kyneton - Kyneton South,4736
2,Kynton Town Centre  to Kyneton West via Kyneton Station,4745
2,Kyneton - Malmsbury,4747
2,Kurunjang - Melton Station,4748
2,Craigieburn - Broadmeadows via Upfield Station,4755
2,Melton - Melton Station via Brookfield,4757
2,Micasa Rise-Roslyn Park - Melton Station,4758
2,Melton - Melton Station via Melton West,4761
2,Arnolds Creek to Melton Station via Westlake,4769
2,Sunbury Railway Station - Mount Lion,4780
2,Sunbury Railway Station - Wilsons Lane,4786
2,Sunbury Railway Station - Rolling Meadows,4789
2,Sunbury Railway Station - Killara Heights,4792
2,Sunbury Railway Station - Jacksons Hill,4795
2,Sunbury Railway Station - Canterbury Hills,4798
2,Olinda - Monbulk via Olinda - Monbulk Road,4802
2,Croydon - Upper Ferntree Gully via Olinda and Tremont,4805
2,Hamilton - Penshurst via Tarrington,4849
2,St Arnaud - Stawell via Marnoo,4855
2,Ballarat - Snake Valley via Haddon,4861
2,Ararat - Maryborough via Elmhurst & Avoca,4864
2,Mansfield - Woods Point via Jamieson,4896
2,Horsham - Naracoorte via Natimuk & Goroke & Edenhope,5023
2,Albury - Tallangatta via Bonegilla,5038
2,Shepparton - Euroa via Kialla,5041
2,Geelong - Inverleigh via Fyansford,5048
2,Sea Lake - Woomelang,5051
2,Swan Hill - Wycheproof via Lalbert,5052
2,Bendigo - Woomelang via Wedderburn & Charlton & Wycheproof & Birchip,5055
2,Sea Lake - Nullawil via Culgoa,5062
2,Ballarat - Avoca via Clunes and Maryborough,5063
2,Ballarat - Mt Egerton via Gordon,5069
2,Quambatook - Boort,5105
2,Quambatook - Kerang,5108
2,Albury - Mt Beauty via Baranduda and Tawonga South,5125
2,Maryborough - Maryborough via Daisy Hill and Talbot,5126
2,Maryborough - Maryborough via Bealiba and Dunolly,5132
2,Maryborough - Carisbrook,5135
2,Dandenong - Doveton via McCrae Street,5331
2,Dandenong - Mossgiel Park via John Fawkner Drive,5332
2,Dandenong - Mossgiel Park via Gleneagles Drive,5333
2,Dandenong - Glen Waverley via Mulgrave & Brandon Park,5334
2,Dandenong - Endeavour Hills via Thomas Mitchell Drive,5335
2,Berwick Station - Beaconsfield East via Brisbane St & Beaconsfield Plaza SC,5368
2,Berwick Station - Berwick North via Telford Dr & Whistler Dr,5369
2,Amberly Park  - Hallam via Hampton Park,5370
2,Narre Warren South - Fountain Gate SC via Narre Warren Station,5371
2,Pakenham Station - Pakenham North via Meadowvale,5375
2,Pakenham Station - Pakenham North via Army Rd & Windermere Bvd,5377
2,Berwick Station - Eden Rise SC via Bridgewater Estate,5378
2,Berwick Station - Kingsmere Estate via Casey Hospital,5379
2,Pakenham Station - Lakeside via The Avenue,5382
2,Berwick Station - Eden Rise SC via Bryn Mawr Bvd,5385
2,Airport West SC - Melbourne Airport,5415
2,Narre Warren North - Cranbourne via Narre Warren & Cranbourne North,5460
2,Berwick Station - Narre Warren Circle via Berwick North & Narre Warren South,5480
2,Berwick Station - Narre Warren Circle via Narre Warren South & Berwick North,5481
2,Hampton - Berwick Station via Southland SC & Dandenong,5510
2,City - Bulleen - Doncaster SC via Kew Junction,5537
2,Kew (Cotham Road) - La Trobe University Bundoora,5540
2,Craigieburn  - Roxburgh Park,5589
2,Moonee Ponds - Clifton Hill via East Brunswick,5607
2,Maryborough - Maryborough Station,5634
2,Elsternwick Station - Fishermans Bend,5664
2,Laverton Station - Williamstown via Altona,5671
2,Morwell - Churchill,5675
2,Churchill - Boolarra via Yinnar,5681
2,Traralgon - Churchill,5684
2,Churchill town loop,5700
2,Morwell - Mid Valley Shopping Centre via Crinigan Rd,5701
2,Morwell - Mid Valley Shopping Centre via Hourigan Rd,5704
2,Morwell South,5722
2,Castlemaine - Chewton via Loddon Prison,5738
2,Traralgon - Traralgon South,5741
2,Dandenong - Brighton via Heatherton Road & Springvale,5746
2,Dandenong - Brighton via Parkmore Shopping Centre,5747
2,Dandenong - Brighton via Southland SC,5748
2,Wodonga - Mayfair Drive,5767
2,Epping Plaza SC - South Morang,5768
2,Bundoora RMIT - South Morang,5770
2,Mallacoota - Genoa via Gipsy Point,5809
2,Eltham - Glenroy via Greensborough or Lower Plenty,5812
2,Sale - Seaspray via Longford,5814
2,Lakes Entrance - Kalimna,5827
2,Lakes Entrance - Lakes Entrance North,5834
2,Lakes Entrance - Lakes Entrance East,5837
2,Echuca - Cunningham Downs Retirement Village,5841
2,Ararat to Stawell via Western Hwy,5843
2,Stawell to Horsham via Western Hwy,5844
2,Stawell to Stawell via Pomonal and Halls Gap,5845
2,Echuca - 24 Lane,5846
2,Roxburgh Park - Pascoe Vale via Meadow Heights & Broadmeadows & Glenroy,6572
2,Maffra town service,6647
2,Mildura - Ouyen - Sea Lake,6648
2,Kerang - Echuca via Cohuna,6649
2,Seymour - Seymour North-East PM peak,6716
2,Portland - South,7318
2,Kyneton - Kyneton North,7395
2,Caroline Springs - Highpoint SC,7440
2,Sunshine - City - Gardenvale,7441
2,Yarraville - Highpoint SC,7442
2,The Pines - Nunawading,7445
2,Box Hill - Doncaster SC via Middleborough Rd,7446
2,Southland Shopping Centre - St Kilda Station,7453
2,Southland SC - St Kilda Station,7455
2,Southland SC - St Kilda Station,7456
2,Manningham Loop via Templestowe Village SC & Doncaster SC,7461
2,Manningham Loop via Tunstall Square SC & Doncaster SC,7462
2,Chelsea - Airport West (SMARTBUS Service),7464
2,Box Hill - Greensborough via Doncaster SC,7522
2,Frankston - Melbourne Airport (SMARTBUS Service),7531
2,Pakenham Station - Cardinia Road Station,7613
2,Pakenham Station - Fountain Gate Shopping Centre via Lakeside & Beaconsfield,7617
2,Horsham - Williams Road South Bank,7620
2,Horsham - Natimuk Road,7624
2,Seymour - Seymour East,7627
2,Frankston - Osborne via Mt Eliza & Mornington,7700
2,Cobram Town Service,7703
2,Wodonga - East Wodonga,7723
2,Wodonga - South Wodonga,7726
2,Yarrawonga and Mulwala FlexiRide Service,7762
2,Warrnambool - Dennington,7765
2,Warrnambool - Gateway Plaza via Centro,7768
2,Warrnambool - Deakin University via Gateway Plaza,7771
2,Warrnambool - Tower Square via Lilydale Heights Plaza,7772
2,Warrnambool - Lake Pertobe Loop,7776
2,Warrnambool - Merrivale,7779
2,Warrnambool - Port Fairy,7782
2,Warrnambool - Allansford,7785
2,Colac to Elliminyt,7788
2,Colac to Colac East,7791
2,Frankston - Mount Martha via Mt Eliza & Mornington,7797
2,Warrandyte - Ringwood Station via Croydon & Warrandyte Rd & Eastland SC,7891
2,Timboon - Camperdown via Cobden,7953
2,Elsternwick - Clifton Hill via St Kilda,8074
2,Doncaster Park & Ride - Box Hill via Union Road,8080
2,Doncaster SC - The Pines SC via Templestowe,8084
2,Airport West SC - Melbourne Airport via South Centre Rd,8095
2,City (Queen St) - Bulleen,8114
2,Garden City - City (Queen Victoria Market),8118
2,Altona North - City (Queen Victoria Market),8122
2,Mitcham - Ringwood via Ringwood North,8125
2,Box Hill - Mitcham via Blackburn North,8128
2,Ringwood - Croydon Loop,8132
2,City (Queen St) - La Trobe University,8135
2,City (Queen St) - Northland SC,8139
2,City - Doncaster SC via Kew Junction,8142
2,City - Fishermans Bend via Williamstown Road,8174
2,City - Fishermans Bend via Lorimer Street,8177
2,Airport West SC - Sunbury Station via Melbourne Airport,8185
2,Werribee Station - Westleigh Gardens via Geelong Rd,8224
2,Bacchus Marsh - Hillview Estate via Bacchus Marsh Station,8229
2,Bacchus Marsh Station - Telford Park via Bacchus Marsh,8232
2,Bacchus Marsh Station - Darley via Bacchus Marsh,8233
2,Doncaster Park & Ride - Camberwell via North Balwyn,8243
2,Hamilton North via Kent Road,8246
2,Hamilton East via Ballarat Road,8250
2,Garden City - Queen Victoria Market via City,8263
2,Sunshine South - Gardenvale,8272
2,Templestowe - Deakin University,8275
2,Airport West SC - Melbourne Airport via Melrose Drive,8302
2,Sunshine Station - Sunshine West via Forrest St,8306
2,Sunshine Station - Sunshine West via Wright St,8307
2,Wangaratta - Yarrunga via Mason Street,8317
2,Benalla - Benalla West,8361
2,Benalla - Benalla East,8362
2,Airport West SC - Sunbury Station via Melbourne Airport,8365
2,Colac - Marengo via Apollo Bay,8373
2,Box Hill - Ringwood via Park Orchards,8399
2,Laverton Station - Sanctuary Lakes via Sanctuary Lakes SC,8430
2,Alexandra - Marysville via Taggerty & Buxton,8435
2,Werribee Station - Tarneit Station via Werribee Plaza SC,8452
2,Werribee Station - Wyndham Vale Station via Ballan Rd,8457
2,Werribee Station - Tarneit Station via Tarneit Rd,8462
2,Werribee Station - Hoppers Crossing Station via Werribee Plaza SC,8482
2,Hoppers Crossing Station - Tarneit Station via Werribee Plaza SC,8483
2,Hoppers Crossing Station - Wyndham Vale Station via Werribee Plaza SC,8484
2,Williams Landing Station - Tarneit Station via Sayers Rd,8485
2,Hoppers Crossing Station - Tarneit Station via Morris Rd,8486
2,Werribee Station - Wyndham Vale Station via Black Forest Rd,8487
2,Williams Landing Station - Werribee Station via Princes Hwy,8488
2,Hoppers Crossing Station - Werribee Station via Werribee Plaza SC,8489
2,Williams Landing Station - Tarneit Station via Westmeadows La,8490
2,Williams Landing Station -  Point Cook South via Boardwalk Bvd,8493
2,Williams Landing Station - Saltwater Coast Estate via Sanctuary Lakes SC,8494
2,Werribee Station - Manor Lakes via Greaves St,8507
2,Laverton Station - Hoppers Crossing Station via Dunnings Rd,8508
2,Williams Landing Station - Point Cook South via Alamanda Bvd,8514
2,Werribee Station - Southern Loop via South Werribee,8517
2,Huntly - Kangaroo Flat via Bendigo Station,8561
2,Bendigo Station - La Trobe University via Strathdale,8564
2,Bendigo Station - Spring Gully via La Trobe University,8565
2,Bendigo Station - Golden Square via Quarry Hill,8567
2,Bendigo Station - Strathfieldsaye via Kennington,8568
2,Bendigo Station - Epsom Station via Goynes Rd,8569
2,Bendigo Station - Eaglehawk via Jackass Flat,8570
2,Bendigo Station - Eaglehawk via Eaglehawk Rd,8571
2,Bendigo Station - Maiden Gully via Calder Hwy,8572
2,Geelong Station - Leopold,8579
2,Lara Station -  Lara South - Corio SC,8582
2,City - The Pines SC via Eastern Fwy (SMARTBUS Service),8590
2,City - Mitcham via Doncaster Rd (SMARTBUS service),8591
2,City - Warrandyte via The Pines SC (SMARTBUS service),8596
2,Geelong Station - Corio SC,8599
2,City - The Pines SC via Eastern Fwy & Templestowe (SMARTBUS Service),8602
2,City - La Trobe University via Eastern Fwy,8606
2,Geelong Station - North Shore Station via Anakie Rd,8611
2,Corio SC - North Shore Station,8614
2,City - Deep Creek,8615
2,Geelong Station - North Geelong Station via Newtown,8618
2,Geelong Station - Bell Post Hill,8621
2,Geelong Station - Whittington via Newcomb,8624
2,Geelong Station - St Albans Park,8627
2,Geelong Station - Deakin University via Breakwater,8630
2,Geelong Station - Deakin University via Highton,8639
2,Geelong Station - Jan Juc via Marshall Station and Fischer St,8645
2,Geelong Station - Jan Juc via Marshall Station,8648
2,Geelong Station - Ocean Grove via Barwon Heads,8651
2,Geelong Station - Queenscliff via Ocean Grove,8654
2,Geelong Station - St Leonards via Portarlington,8657
2,Geelong Station - Drysdale via Clifton Springs,8660
2,City - Donvale via Reynolds Rd,8677
2,City - The Pines SC via Eastern Fwy,8680
2,City - Ringwood North via Park Rd,8681
2,City - Doncaster SC via Belmore Rd and Eastern Fwy,8682
2,City - Box Hill via Belmore Rd and Eastern Fwy,8700
2,Werribee Station - Werribee South via Werribee Park Mansion,8708
2,Sunshine Station - Watergardens Station via Deer Park,8710
2,Geelong - Bannockburn,8714
2,North Shore Station - Deakin University via Geelong City,8765
2,Thomastown via West Lalor (clockwise loop),8871
2,Thomastown via West Lalor (anti clockwise loop),8878
2,Thomastown via Darebin Drive,8879
2,Preston - West Preston via Reservoir,8883
2,Reservoir via North West Reservoir,8887
2,Eastland - Chadstone via Vermont South & Glen Waverley & Oakleigh,8912
2,Dandenong - Chadstone via North Dandenong & Oakleigh,8922
2,Dandenong - Chadstone via Princes Highway & Oakleigh,8923
2,Dandenong - Chadstone via Mulgrave & Oakleigh,8924
2,Altona - Mordialloc (SMARTBUS Service),8925
2,Dandenong - Chadstone via Wheelers Hill & Oakleigh,8934
2,Bendigo Station - Spring Gully via Carpenter St,8983
2,Brunswick West - Barkly Square SC via Hope St & Sydney Rd,8988
2,Moonee Ponds - Plumpton via Keilor & Watergardens,10827
2,Epping Station - Wollert East via Hayston Bvd,10830
2,Lara Station - Lara West,10839
2,Epping Station - Wollert via Epping Plaza SC,10842
2,Geelong Station - Deakin University via Grovedale,10846
2,Geelong Station - Deakin University via South Valley Rd,10854
2,Sorrento - Safety Beach,10861
2,Moonee Ponds - Melbourne University via Parkville Gardens,10863
2,Box Hill Station - Deakin University,10864
2,Laverton Station - Footscray via Altona Meadows & Altona & Millers Rd,10900
2,Laverton Station - Footscray via Altona Meadows & Altona & Mills St,10903
2,Laverton Station - Footscray via Geelong Rd,10917
2,Bendigo - Goornong,10923
2,Castlemaine - Maldon,10924
2,Footscray - Moonee Ponds via Newmarket,10927
2,Epping Plaza SC - Northland SC via Keon Park,10933
2,Epping - Northland via Lalor & Thomastown & Reservoir,10937
2,North East Reservoir - Northcote Plaza via High Street,10940
2,Reservoir Station - La Trobe University (Bundoora Campus),10952
2,Macleod - Pascoe Vale via La Trobe University,10955
2,Wollert West - Thomastown Station via Epping Station,10958
2,Yarraville to Highpoint SC via Footscray,10964
2,Bendigo Station - Kangaroo Flat via Golden Square,10967
2,Ouyen - Pinnaroo via Mallee Hwy,10980
2,Northcote - Regent via Northland,10990
2,Epping Plaza SC - South Morang Station via Findon Rd,10994
2,Kalkee Retirement Village - Belmont Village SC,11003
2,Rochester Town Service,11096
2,Kinglake - Whittlesea via Humevale,11109
2,Palisades - University Hill,11112
2,Thomastown - RMIT Bundoora,11118
2,Laverton - Footscray via Altona Meadows & Altona & Altona Gate SC,11121
2,Mernda Station - Bundoora RMIT,11205
2,Woodend FlexiRide Service,11286
2,Greenvale Gardens  - Roxburgh Park via Greenvale Village SC,11289
2,Bendigo Station - East Bendigo via Strickland Rd,11290
2,Frankston - Langwarrin via Langwarrin North,11291
2,Frankston - Langwarrin via Langwarrin South,11296
2,Frankston Station - Cranbourne Station,11297
2,Cranbourne Station - Pearcedale,11300
2,Cranbourne Station - Clyde,11303
2,Cranbourne Park SC - Selandra Rise,11304
2,Merinda Park Station - The Avenue Village SC,11305
2,Dandenong Station - Endeavour Hills via Endeavour Hills SC,11306
2,Berwick Station - The Avenue Village SC,11307
2,Endeavour Hills SC - Hampton Park SC via Hallam Station,11308
2,Dandenong Station - Lynbrook Station,11309
2,Fountain Gate SC - Lynbrook Station via Hallam Station,11313
2,Cranbourne East - Cranbourne Station via Cranbourne Park SC,11318
2,The Avenue Village SC - Berwick Station,11319
2,Mildura Central SC - Mildura South - Mildura Central SC,11320
2,St Albans Station - Brimbank Central SC via Cairnlea,11323
2,Mildura City - Mildura Central SC,11326
2,Mildura Central SC - Mildura City,11329
2,Casey Central SC - Dandenong Station via Hampton Park SC,11337
2,Bendigo - Shepparton via Kyabram,11342
2,Ballarat Station - Wendouree Station via Howitt St,11354
2,Ballarat Station - Wendouree Station via Forest St,11357
2,Ballarat Station - Invermay Park,11360
2,Ballarat Station - Black Hill,11363
2,Ballarat Station - Brown Hill,11366
2,Ballarat Station - Canadian,11369
2,Ballarat Station - Buninyong via Federation University,11372
2,Ballarat Station - Federation University via Sebastopol,11375
2,Ballarat Station - Mount Pleasant,11378
2,Ballarat Station - Sebastopol,11381
2,Ballarat Station - Delacombe,11384
2,Ballarat Station - Alfredton,11387
2,Ballarat Station - Creswick,11390
2,Wendouree Station - Miners Rest,11393
2,Watergardens Station - Caroline Springs Station via Caroline Spring Town Centre,11397
2,Moe - Traralgon via Morwell,11446
2,Moe West,11455
2,Moe South,11456
2,Moe - Moe North,11457
2,Moe - Newborough via Old Sale Rd,11458
2,Moe - Newborough via Dinwoodie Dr,11461
2,Moe - Traralgon via Yallourn North,11462
2,Traralgon North,11464
2,Warragul Station - Warragul South via West Gippsland Hospital,11465
2,Warragul Station - Warragul North via Latrobe St,11466
2,Warragul Station - Warragul North via Stoddarts Rd,11472
2,Warragul Station - Warragul East via Copelands Rd,11473
2,Warragul Station - Drouin Station via Drouin South,11474
2,Drouin Station - Drouin North via McNeilly Rd,11475
2,Warragul Station - Noojee via Main Neerim Rd & Brandy Creek Rd,11478
2,Essendon - East Brunswick via Albion Street,11504
2,St Albans Station - Caroline Springs via Keilor Plains Station,11507
2,St Albans Station - Highpoint SC via Sunshine Station,11510
2,St Albans Station - Watergardens Station via Keilor Downs,11513
2,St Albans Station - Watergardens Station via Keilor Plains Station,11516
2,St Albans Station - Watergardens Station via Delahey,11519
2,St Albans Station - Brimbank Central SC via Albanvale,11523
2,Traralgon - Cross Road,11524
2,Traralgon West,11525
2,Traralgon - Southside,11526
2,Traralgon East,11527
2,Traralgon - Ellavale,11528
2,Traralgon - Churchill (Special) via Monash University,11532
2,Traralgon - Moe,11536
2,Traralgon - Churchill,11539
2,Gardenvale - Flagstaff Station,11552
2,Hurstbridge - Greensborough via Diamond Creek Station,11575
2,Moonee Ponds - Broadmeadows Station via Essendon & Airport West & Gladstone Park,11578
2,Frankston Station - Carrum Station via Carrum Downs,11591
2,Eltham Station - Warrandyte via Research & Kangaroo Ground-Warrandyte Road,11597
2,Eltham Station - Warrandyte via Research & Research-Warrandyte Road,11600
2,Diamond Creek - Eltham Station via Ryans Rd,11603
2,Lancefield - Kyneton via Sunbury,11606
2,Eltham Town Service via Woodridge Estate,11609
2,Warragul Station to Moe - Albert St,11616
2,Pakenham Station to Garfield Station,11617
2,Warragul Station to Moe Station,11618
2,Garfield Station to Nar Nar Goon Station,11619
2,Drouin Station to Traralgon Station,11620
2,Drouin North to Warragul Station,11621
2,Drouin North to Newborough TAFE - Yallourn,11622
2,Garfield Station to Traralgon Plaza,11623
2,Drouin North to Moe - Albert St,11624
2,Traralgon Station to Drouin North,11625
2,Newborough TAFE - Yallourn to Drouin North,11626
2,Warragul Station to Drouin North,11627
2,Moe - Albert St to Drouin North,11629
2,Moe - Albert St to Garfield Station,11630
2,Warragul Station to Pakenham Station,11631
2,Drouin Station to Warragul Station,11632
2,Warragul Station to Drouin Station,11633
2,Ballarat Station - Alfredton via Wendouree,11634
2,Campbellfield - Coburg via Fawkner,11635
2,North Brighton - Southland via Moorabbin,11653
2,Sunshine Station - Brimbank Central SC via Deer Park,11664
2,Sunshine Station - Brighton Beach,11694
2,Caroline Springs - Sunshine Station,11697
2,Sunshine Station - Melton,11699
2,North Melbourne Station - Melbourne University Loop via Royal Melbourne Hospital,11700
2,Footscray Station - East Melbourne via North Melbourne,11702
2,Footscray Station - Melbourne University via Royal Melbourne Hospital,11703
2,Heidelberg Station - Melb Uni - Queen Victoria Market via Clifton Hill and Carlton,11704
2,Gisborne - Gisborne Station,11711
2,Watergardens Station - Caroline Springs (south) via Caroline Springs Square SC,11713
2,Gisborne - Gisborne Station  - demand responsive,11714
2,Broadmeadows - Roxburgh Park via Greenvale,11716
2,Wallan Station - Wallan Central,12743
2,Wallan Station - Springridge,12746
2,Wallan Station - Wallara Waters Shuttle,12749
2,Huntingdale -  Monash University (Clayton),12750
2,Stud Park SC (Rowville) - Caulfield via Monash University & Chadstone (SMARTBUS Service),12753
2,Keilor East - Footscray via Avondale Heights and Maribyrnong,12766
2,Sunshine Station - Laverton Station via Robinsons Road,12767
2,Watergardens Station - Caroline Springs Town Centre via Fraser Rise,12769
2,Cranbourne Park SC - Dandenong Station,12779
2,Clyde - Lynbrook Station,12780
2,Box Hill - Chadstone via Surrey Hills & Camberwell & Glen Iris,13024
2,Glen Waverley - St Kilda via Mount Waverley & Chadstone & Carnegie,13025
2,Elsternwick - Chadstone via Ormond & Oakleigh,13027
2,Middle Brighton - Chadstone via McKinnon & Carnegie,13028
2,Craigieburn Station - Craigieburn Central SC,13057
2,Craigieburn Station - Mandalay Circuit,13066
2,Elwood - Monash University via Gardenvale & Ormond & Huntingdale,13067
2,Craigieburn - Craigieburn North via Craigieburn Central SC,13088
2,Craigieburn Station - Craigieburn North via Hanson Rd,13089
2,Broadmeadows Station - Craigieburn North (Mt Ridley Rd),13090
2,Upfield - North Coburg via Somerset Estate,13091
2,Craigieburn Station - Craigieburn West via Craigieburn Central SC,13092
2,Chirnside Park - Warburton via Lilydale Station & Seville & Yarra Junction,13095
2,Mernda Station to Diamond Creek Station,13107
2,Whittlesea - Northland SC via South Morang Station,13109
2,Mernda Station - Bundoora RMIT via South Morang,13113
2,Mernda Station - Bundoora RMIT via Hawkstowe Pde & South Morang,13115
2,Mernda Station - Doreen - Mernda Station (Anti-clockwise),13117
2,Mernda Station - Doreen - Mernda Station (Clockwise),13119
2,Bendigo Hospital - La Trobe University via Bendigo Station,13121
2,Strathfiledsaye SC Loop via Strathfieldsaye and Junortoun,13127
2,Heathcote - Bendigo via Junortoun & Axedale & Knowsley,13132
2,Laverton Station - Laverton Station via Laverton North,13134
2,Oakleigh - Bentleigh via Mackie Road & Brady Road,13135
2,Mordialloc - Aspendale - Edithvale - Chelsea,13138
2,Southland - Box Hill via Chadstone & Jordanville & Deakin University,13140
2,Belgrave - Lilydale via Kallista & The Patch & Monbulk & Mt Evelyn,13165
2,Chirnside Park - Knox City via Croydon & Bayswater,13166
2,Ringwood - Lilydale via Croydon & Chirnside Park,13167
2,Croydon - Chirnside Park via Warrien Road & Patrick Street,13168
2,Croydon - Chirnside Park via Wonga Park & Croydon Hills,13169
2,Lilydale - Lillydale Lake,13170
2,Chirnside Park - Mooroolbark via Manchester Road,13171
2,Lilydale Station via Maroondah Highway,13172
2,Lilydale Station - Chirnside Park via Switchback Road,13173
2,Chirnside Park Shopping Centre - Ringwood via Canterbury Rd,13174
2,Lilydale - Mooroolbark via Lilydale East Estate & Lakeview Estate,13175
2,Lysterfield - Knox City via Wantirna & Scoresby & Rowville (clockwise),13176
2,Lysterfield - Knox City via Wantirna & Scoresby & Rowville (anti-clockwise),13177
2,Boronia  - Waverley Gardens via Ferntree Gully & Stud Park,13178
2,Belgrave - Oakleigh via Ferntree Gully & Brandon Park,13179
2,Lilydale - Chirnside Park (Telebus Area 1),13251
2,Mooroolbark Station - Chirnside Park (Telebus Area 2),13252
2,Mooroolbark Station - Chirnside Park (Telebus Area 3),13253
2,Mooroolbark Station - Croydon Station (Telebus Area 4),13254
2,Ferntree Gully - Stud Park SC (Telebus Area 7),13255
2,Stud Park - Ferntree Gully Station (Telebus Area 8),13256
2,Stud Park - Stud Park (Telebus Area 9),13257
2,Bendigo Station - Eaglehawk via Arnold St,13263
2,Southland - Waverley Gardens via Clayton & Monash University,13266
2,Mordialloc - Noble Park Station via Keysborough South,13267
2,Dandenong - Noble Park,13268
2,Chadstone SC - Sandringham via Murrumbeena & Southland SC (From 02-12-2018),13269
2,Middle Brighton - Blackburn via Bentleigh & Clayton & Monash University,13270
2,Oakleigh - Box Hill via Clayton & Monash University & Mt Waverley,13271
2,Box Hill - Burwood via Surrey Hills,13281
2,Lara Station - Lara East  via Rennie St and Lara Lifestyle Village (From 16-12-2018),13343
2,East Clayton - Oakleigh via Clayton & Huntingdale,13349
2,Southland - Clayton via Heatherton,13350
2,Moorabbin - Keysborough via Clayton & Westall,13352
2,Kew - Oakleigh via Caulfield & Carnegie & Darling and Chadstone (From 4-11-2018),13353
2,Moonee Ponds - East Keilor via Niddrie (From 11-11-2018),13408
2,Whittlesea-Mernda Station - Greensborough,13426
2,Barmah - Echuca via Cummeragunja and Moama,13454
3,Warrnambool - Melbourne via Ararat & Hamilton,1512
3,Albury - Melbourne via Seymour,1706
3,Seymour - Melbourne via Broadmeadows,1710
3,Batemans Bay - Melbourne via Bairnsdale,1717
3,Canberra - Melbourne via Bairnsdale,1718
3,Sale - Melbourne via Maffra & Traralgon,1719
3,Cowes and Inverloch - Melbourne via Dandenong & Koo Wee Rup,1720
3,Marlo - Lake Tyers Beach - Melbourne via Bairnsdale,1721
3,Yarram - Melbourne via Koo Wee Rup & Dandenong,1722
3,Griffith - Melbourne via Shepparton,1723
3,Corowa - Melbourne via Rutherglen & Wangaratta,1724
3,Mt Buller-Mansfield - Melbourne via Yea,1725
3,Mulwala - Melbourne via Benalla & Seymour,1726
3,Shepparton - Sydney via Benalla,1727
3,Ballarat-Wendouree - Melbourne via Melton,1728
3,Halls Gap - Melbourne via Stawell & Ballarat,1731
3,Mount Gambier - Melbourne via Hamilton & Ballarat,1732
3,Ouyen - Melbourne via Warracknabeal & Ballarat,1733
3,Mildura - Ballarat via Swan Hill & Bendigo,1734
3,Warrnambool - Melbourne via Ballarat,1735
3,Adelaide - Melbourne via Nhill & Bendigo,1737
3,Sydney - Adelaide via Albury,1738
3,Bendigo - Melbourne via Gisborne,1740
3,Barham - Melbourne via Bendigo,1744
3,Geelong - Melbourne,1745
3,Warrnambool - Melbourne via Apollo Bay & Geelong,1749
3,Geelong - Bendigo via Ballarat,1751
3,Adelaide - Melbourne via Horsham & Ballarat & Geelong,1755
3,Casterton - Melbourne via Hamilton & Warrnambool,1756
3,Barmah - Melbourne via Shepparton & Heathcote,1758
3,Albury - Bendigo via Wangaratta & Shepparton,1759
3,Daylesford - Melbourne via  Woodend or Castlemaine,1760
3,Deniliquin - Melbourne via Moama & Echuca & Heathcote,1761
3,Ballarat - Warrnambool via Skipton,1762
3,Mount Gambier - Melbourne via Warrnambool & Geelong,1767
3,Canberra - Melbourne via Albury,1768
3,Donald - Melbourne via Bendigo,1773
3,Lancefield - Melbourne via Sunbury or Gisborne,1774
3,Maryborough - Melbourne via Castlemaine,1775
3,Mildura - Albury via Kerang & Shepparton,1776
3,Mildura - Melbourne via Ballarat & Donald,1782
3,Mildura - Melbourne via Swan Hill & Bendigo,1783
3,Sea Lake - Melbourne via Charlton & Bendigo,1784
3,Bairnsdale - Melbourne via Sale & Traralgon,1823
3,Traralgon - Melbourne via Morwell & Moe & Pakenham,1824
3,Ararat - Melbourne via Ballarat,1837
3,Nhill - Melbourne via Ararat & Ballarat,1838
3,Swan Hill - Melbourne via Bendigo,1848
3,Echuca-Moama - Melbourne via Bendigo or Heathcote,1849
3,Warrnambool - Melbourne via Colac & Geelong,1853
3,Shepparton - Melbourne via Seymour,1908
3,Mount Beauty - Melbourne via Bright,1912
3,Echuca-Moama - Melbourne via Shepparton,1914
3,Daylesford - Melbourne via Ballarat,1915
3,Maryborough - Melbourne via  Ballarat,4871
3,Paynesville - Melbourne via Bairnsdale,5838
3,Geelong - Colac via Winchelsea and Birregurra,7601
4,Night Bus - Carrum - Frankston - Mornington - Rosebud,8941
4,Night Bus - City - Footscray - Sunshine North - Taylors Lakes - Watergardens,8948
4,Night Bus - Watergardens - Caroline Springs - Melton,8950
4,Night Bus - City - Newport - Altona - Altona Meadows - Point Cook,8951
4,Night Bus - City - Geelong Rd - Tarneit - Hoppers Crossing - Werribee - Wyndham Vale,8955
4,Night Bus - City - Moonee Ponds - Brunswick West - Pascoe Vale - Glenroy,8956
4,Night Bus - City - Footscray - Maribyrnong - Airport West - Gladstone Park - Broadmeadows,8957
4,Night Bus - Broadmeadows - Meadow Heights - Roxburgh Park - Craigieburn,8958
4,Night Bus - City - Brunswick - Ivanhoe - Bundoora - Mill Park - South Morang - Mernda,8959
4,Night Bus - City - Collingwood - Eastern Fwy - Templestowe - Doncaster,8960
4,Night Bus - Ringwood - Mooroolbark - Lilydale,8964
4,Night Bus - Croydon - Kilsyth - Mt Evelyn - Lilydale,8965
4,Night Bus - Lilydale - Woori Yallock - Healesville - Yarra Glen loop,8966
4,Night Bus - City - Kew - Doncaster Rd - Box Hill,8967
4,Night Bus - Glen Waverley - Burwood Hwy - Bayswater (returns via Bayswater North - Ferntree Gully),8968
4,Night Bus - City - Caulfield - Ferntree Gully Rd - Rowville - Wantirna - Ringwood,8969
4,Night Bus - Elsternwick - Ormond - Huntingdale - Mulgrave - Dandenong (returns via Princes Hwy),8970
4,Night Bus - Elsternwick - Bentleigh - Clarinda - Keysborough - Dandenong,8971
4,Night Bus - Dandenong - Berwick - Narre Warren South - Cranbourne,8972
4,Night Bus - Dandenong - Endeavour Hills - Hampton Park - Cranbourne,8973
4,Night Bus - City - Footscray - Sunshine - Deer Park - St Albans,11548
,,
Process finished with exit code 0,,
